time,iteration,name,isFunction,neverOptimize,alwaysOptimize,maybeDeopted,optimized,turboFanned,interpreted,markedForOptimization,markedForConcurrentOptimization,optimizingConcurrently,isExecuting,topmostFrameIsTurboFanned,liteMode,markedForDeoptimization,baseline,topmostFrameIsInterpreted,topmostFrameIsBaseline
1,0,makeCRCTable,1,0,0,0,0,0,0,0,0,0,0,0,0,0,0,0,0
1,1,makeCRCTable,1,0,0,0,0,0,1,0,0,0,0,0,0,0,0,0,0
0,2,makeCRCTable,1,0,0,0,0,0,1,0,0,0,0,0,0,0,0,0,0
0,3,makeCRCTable,1,0,0,0,0,0,1,0,0,0,0,0,0,0,0,0,0
1,4,makeCRCTable,1,0,0,0,0,0,1,0,1,0,0,0,0,0,0,0,0
0,5,makeCRCTable,1,0,0,0,0,0,1,0,0,1,0,0,0,0,0,0,0
0,6,makeCRCTable,1,0,0,0,0,0,0,0,0,1,0,0,0,0,0,0,0
0,7,makeCRCTable,1,0,0,0,0,0,0,0,0,1,0,0,0,0,1,0,0
0,8,makeCRCTable,1,0,0,0,0,0,0,0,0,1,0,0,0,0,1,0,0
0,9,makeCRCTable,1,0,0,0,0,0,0,0,0,1,0,0,0,0,1,0,0
1,10,makeCRCTable,1,0,0,0,0,0,0,0,0,1,0,0,0,0,1,0,0
0,11,makeCRCTable,1,0,0,0,0,0,0,0,0,1,0,0,0,0,1,0,0
1,12,makeCRCTable,1,0,0,0,0,0,0,0,0,1,0,0,0,0,1,0,0
0,13,makeCRCTable,1,0,0,0,1,1,0,0,0,0,0,0,0,0,0,0,0
0,14,makeCRCTable,1,0,0,0,1,1,0,0,0,0,0,0,0,0,0,0,0
0,15,makeCRCTable,1,0,0,0,1,1,0,0,0,0,0,0,0,0,0,0,0
0,16,makeCRCTable,1,0,0,0,1,1,0,0,0,0,0,0,0,0,0,0,0
0,17,makeCRCTable,1,0,0,0,1,1,0,0,0,0,0,0,0,0,0,0,0
0,18,makeCRCTable,1,0,0,0,1,1,0,0,0,0,0,0,0,0,0,0,0
0,19,makeCRCTable,1,0,0,0,1,1,0,0,0,0,0,0,0,0,0,0,0
0,20,makeCRCTable,1,0,0,0,1,1,0,0,0,0,0,0,0,0,0,0,0
0,21,makeCRCTable,1,0,0,0,1,1,0,0,0,0,0,0,0,0,0,0,0
0,22,makeCRCTable,1,0,0,0,1,1,0,0,0,0,0,0,0,0,0,0,0
0,23,makeCRCTable,1,0,0,0,1,1,0,0,0,0,0,0,0,0,0,0,0
0,24,makeCRCTable,1,0,0,0,1,1,0,0,0,0,0,0,0,0,0,0,0
0,25,makeCRCTable,1,0,0,0,1,1,0,0,0,0,0,0,0,0,0,0,0
0,26,makeCRCTable,1,0,0,0,1,1,0,0,0,0,0,0,0,0,0,0,0
0,27,makeCRCTable,1,0,0,0,1,1,0,0,0,0,0,0,0,0,0,0,0
0,28,makeCRCTable,1,0,0,0,1,1,0,0,0,0,0,0,0,0,0,0,0
0,29,makeCRCTable,1,0,0,0,1,1,0,0,0,0,0,0,0,0,0,0,0
0,30,makeCRCTable,1,0,0,0,1,1,0,0,0,0,0,0,0,0,0,0,0
0,31,makeCRCTable,1,0,0,0,1,1,0,0,0,0,0,0,0,0,0,0,0
0,32,makeCRCTable,1,0,0,0,1,1,0,0,0,0,0,0,0,0,0,0,0
1,33,makeCRCTable,1,0,0,0,1,1,0,0,0,0,0,0,0,0,0,0,0
0,34,makeCRCTable,1,0,0,0,1,1,0,0,0,0,0,0,0,0,0,0,0
0,35,makeCRCTable,1,0,0,0,1,1,0,0,0,0,0,0,0,0,0,0,0
0,36,makeCRCTable,1,0,0,0,1,1,0,0,0,0,0,0,0,0,0,0,0
0,37,makeCRCTable,1,0,0,0,1,1,0,0,0,0,0,0,0,0,0,0,0
0,38,makeCRCTable,1,0,0,0,1,1,0,0,0,0,0,0,0,0,0,0,0
0,39,makeCRCTable,1,0,0,0,1,1,0,0,0,0,0,0,0,0,0,0,0
0,40,makeCRCTable,1,0,0,0,1,1,0,0,0,0,0,0,0,0,0,0,0
0,41,makeCRCTable,1,0,0,0,1,1,0,0,0,0,0,0,0,0,0,0,0
0,42,makeCRCTable,1,0,0,0,1,1,0,0,0,0,0,0,0,0,0,0,0
0,43,makeCRCTable,1,0,0,0,1,1,0,0,0,0,0,0,0,0,0,0,0
0,44,makeCRCTable,1,0,0,0,1,1,0,0,0,0,0,0,0,0,0,0,0
0,45,makeCRCTable,1,0,0,0,1,1,0,0,0,0,0,0,0,0,0,0,0
0,46,makeCRCTable,1,0,0,0,1,1,0,0,0,0,0,0,0,0,0,0,0
0,47,makeCRCTable,1,0,0,0,1,1,0,0,0,0,0,0,0,0,0,0,0
0,48,makeCRCTable,1,0,0,0,1,1,0,0,0,0,0,0,0,0,0,0,0
0,49,makeCRCTable,1,0,0,0,1,1,0,0,0,0,0,0,0,0,0,0,0
1,0,main,1,0,0,0,0,0,0,0,0,0,0,0,0,0,0,0,0
1,1,main,1,0,0,0,0,0,1,0,0,0,0,0,0,0,0,0,0
0,2,main,1,0,0,0,0,0,1,0,0,0,0,0,0,0,0,0,0
0,3,main,1,0,0,0,0,0,1,0,1,0,0,0,0,0,0,0,0
1,4,main,1,0,0,0,0,0,1,0,0,1,0,0,0,0,0,0,0
0,5,main,1,0,0,0,0,0,1,0,0,1,0,0,0,0,0,0,0
0,6,main,1,0,0,0,0,0,0,0,0,1,0,0,0,0,1,0,0
0,7,main,1,0,0,0,0,0,0,0,0,1,0,0,0,0,1,0,0
0,8,main,1,0,0,0,0,0,0,0,0,1,0,0,0,0,1,0,0
0,9,main,1,0,0,0,0,0,0,0,0,1,0,0,0,0,1,0,0
1,10,main,1,0,0,0,0,0,0,0,0,1,0,0,0,0,1,0,0
0,11,main,1,0,0,0,0,0,0,0,0,1,0,0,0,0,1,0,0
1,12,main,1,0,0,0,0,0,0,0,0,1,0,0,0,0,1,0,0
0,13,main,1,0,0,0,1,1,0,0,0,0,0,0,0,0,0,0,0
0,14,main,1,0,0,0,1,1,0,0,0,0,0,0,0,0,0,0,0
0,15,main,1,0,0,0,1,1,0,0,0,0,0,0,0,0,0,0,0
0,16,main,1,0,0,0,1,1,0,0,0,0,0,0,0,0,0,0,0
0,17,main,1,0,0,0,1,1,0,0,0,0,0,0,0,0,0,0,0
0,18,main,1,0,0,0,1,1,0,0,0,0,0,0,0,0,0,0,0
0,19,main,1,0,0,0,1,1,0,0,0,0,0,0,0,0,0,0,0
0,20,main,1,0,0,0,1,1,0,0,0,0,0,0,0,0,0,0,0
0,21,main,1,0,0,0,1,1,0,0,0,0,0,0,0,0,0,0,0
0,22,main,1,0,0,0,1,1,0,0,0,0,0,0,0,0,0,0,0
0,23,main,1,0,0,0,1,1,0,0,0,0,0,0,0,0,0,0,0
0,24,main,1,0,0,0,1,1,0,0,0,0,0,0,0,0,0,0,0
0,25,main,1,0,0,0,1,1,0,0,0,0,0,0,0,0,0,0,0
0,26,main,1,0,0,0,1,1,0,0,0,0,0,0,0,0,0,0,0
0,27,main,1,0,0,0,1,1,0,0,0,0,0,0,0,0,0,0,0
0,28,main,1,0,0,0,1,1,0,0,0,0,0,0,0,0,0,0,0
0,29,main,1,0,0,0,1,1,0,0,0,0,0,0,0,0,0,0,0
0,30,main,1,0,0,0,1,1,0,0,0,0,0,0,0,0,0,0,0
0,31,main,1,0,0,0,1,1,0,0,0,0,0,0,0,0,0,0,0
0,32,main,1,0,0,0,1,1,0,0,0,0,0,0,0,0,0,0,0
1,33,main,1,0,0,0,1,1,0,0,0,0,0,0,0,0,0,0,0
0,34,main,1,0,0,0,1,1,0,0,0,0,0,0,0,0,0,0,0
0,35,main,1,0,0,0,1,1,0,0,0,0,0,0,0,0,0,0,0
0,36,main,1,0,0,0,1,1,0,0,0,0,0,0,0,0,0,0,0
0,37,main,1,0,0,0,1,1,0,0,0,0,0,0,0,0,0,0,0
0,38,main,1,0,0,0,1,1,0,0,0,0,0,0,0,0,0,0,0
0,39,main,1,0,0,0,1,1,0,0,0,0,0,0,0,0,0,0,0
0,40,main,1,0,0,0,1,1,0,0,0,0,0,0,0,0,0,0,0
0,41,main,1,0,0,0,1,1,0,0,0,0,0,0,0,0,0,0,0
0,42,main,1,0,0,0,1,1,0,0,0,0,0,0,0,0,0,0,0
0,43,main,1,0,0,0,1,1,0,0,0,0,0,0,0,0,0,0,0
0,44,main,1,0,0,0,1,1,0,0,0,0,0,0,0,0,0,0,0
0,45,main,1,0,0,0,1,1,0,0,0,0,0,0,0,0,0,0,0
0,46,main,1,0,0,0,1,1,0,0,0,0,0,0,0,0,0,0,0
0,47,main,1,0,0,0,1,1,0,0,0,0,0,0,0,0,0,0,0
0,48,main,1,0,0,0,1,1,0,0,0,0,0,0,0,0,0,0,0
0,49,main,1,0,0,0,1,1,0,0,0,0,0,0,0,0,0,0,0
