time,iteration,name,isFunction,neverOptimize,alwaysOptimize,maybeDeopted,optimized,maglevved,turboFanned,interpreted,markedForOptimization,markedForConcurrentOptimization,optimizingConcurrently,isExecuting,topmostFrameIsTurboFanned,liteMode,markedForDeoptimization,baseline,topmostFrameIsInterpreted,topmostFrameIsBaseline
198,0,commonRandom,1,0,0,0,0,0,0,0,0,0,0,0,0,0,0,0,0,0
176,1,commonRandom,1,0,0,0,1,1,0,0,0,0,0,0,0,0,0,0,0,0
179,2,commonRandom,1,0,0,0,1,1,0,0,0,0,0,0,0,0,0,0,0,0
130,3,commonRandom,1,0,0,0,1,1,0,0,0,0,0,0,0,0,0,0,0,0
114,4,commonRandom,1,0,0,0,1,1,0,0,0,0,0,0,0,0,0,0,0,0
134,5,commonRandom,1,0,0,0,1,1,0,0,0,0,0,0,0,0,0,0,0,0
106,6,commonRandom,1,0,0,0,1,1,0,0,0,0,0,0,0,0,0,0,0,0
160,7,commonRandom,1,0,0,0,1,1,0,0,0,0,0,0,0,0,0,0,0,0
106,8,commonRandom,1,0,0,0,1,1,0,0,0,0,0,0,0,0,0,0,0,0
102,9,commonRandom,1,0,0,0,1,1,0,0,0,0,0,0,0,0,0,0,0,0
142,10,commonRandom,1,0,0,0,1,1,0,0,0,0,0,0,0,0,0,0,0,0
103,11,commonRandom,1,0,0,0,1,1,0,0,0,0,0,0,0,0,0,0,0,0
108,12,commonRandom,1,0,0,0,1,1,0,0,0,0,0,0,0,0,0,0,0,0
128,13,commonRandom,1,0,0,0,1,1,0,0,0,0,0,0,0,0,0,0,0,0
103,14,commonRandom,1,0,0,0,1,1,0,0,0,0,0,0,0,0,0,0,0,0
106,15,commonRandom,1,0,0,0,1,1,0,0,0,0,0,0,0,0,0,0,0,0
139,16,commonRandom,1,0,0,0,1,1,0,0,0,0,0,0,0,0,0,0,0,0
134,17,commonRandom,1,0,0,0,1,1,0,0,0,0,0,0,0,0,0,0,0,0
103,18,commonRandom,1,0,0,0,1,1,0,0,0,0,0,0,0,0,0,0,0,0
130,19,commonRandom,1,0,0,0,1,1,0,0,0,0,0,0,0,0,0,0,0,0
101,20,commonRandom,1,0,0,0,1,1,0,0,0,0,0,0,0,0,0,0,0,0
109,21,commonRandom,1,0,0,0,1,1,0,0,0,0,0,0,0,0,0,0,0,0
135,22,commonRandom,1,0,0,0,1,1,0,0,0,0,0,0,0,0,0,0,0,0
120,23,commonRandom,1,0,0,0,1,1,0,0,0,0,0,0,0,0,0,0,0,0
131,24,commonRandom,1,0,0,0,1,1,0,0,0,0,0,0,0,0,0,0,0,0
104,25,commonRandom,1,0,0,0,1,1,0,0,0,0,0,0,0,0,0,0,0,0
105,26,commonRandom,1,0,0,0,1,1,0,0,0,0,0,0,0,0,0,0,0,0
140,27,commonRandom,1,0,0,0,1,1,0,0,0,0,0,0,0,0,0,0,0,0
137,28,commonRandom,1,0,0,0,1,1,0,0,0,0,0,0,0,0,0,0,0,0
106,29,commonRandom,1,0,0,0,1,1,0,0,0,0,0,0,0,0,0,0,0,0
108,30,commonRandom,1,0,0,0,1,1,0,0,0,0,0,0,0,0,0,0,0,0
137,31,commonRandom,1,0,0,0,1,1,0,0,0,0,0,0,0,0,0,0,0,0
119,32,commonRandom,1,0,0,0,1,1,0,0,0,0,0,0,0,0,0,0,0,0
133,33,commonRandom,1,0,0,0,1,1,0,0,0,0,0,0,0,0,0,0,0,0
99,34,commonRandom,1,0,0,0,1,1,0,0,0,0,0,0,0,0,0,0,0,0
105,35,commonRandom,1,0,0,0,1,1,0,0,0,0,0,0,0,0,0,0,0,0
116,36,commonRandom,1,0,0,0,1,1,0,0,0,0,0,0,0,0,0,0,0,0
103,37,commonRandom,1,0,0,0,1,1,0,0,0,0,0,0,0,0,0,0,0,0
133,38,commonRandom,1,0,0,0,1,1,0,0,0,0,0,0,0,0,0,0,0,0
119,39,commonRandom,1,0,0,0,1,1,0,0,0,0,0,0,0,0,0,0,0,0
123,40,commonRandom,1,0,0,0,1,1,0,0,0,0,0,0,0,0,0,0,0,0
103,41,commonRandom,1,0,0,0,1,1,0,0,0,0,0,0,0,0,0,0,0,0
128,42,commonRandom,1,0,0,0,1,1,0,0,0,0,0,0,0,0,0,0,0,0
99,43,commonRandom,1,0,0,0,1,1,0,0,0,0,0,0,0,0,0,0,0,0
139,44,commonRandom,1,0,0,0,1,1,0,0,0,0,0,0,0,0,0,0,0,0
97,45,commonRandom,1,0,0,0,1,1,0,0,0,0,0,0,0,0,0,0,0,0
109,46,commonRandom,1,0,0,0,1,1,0,0,0,0,0,0,0,0,0,0,0,0
130,47,commonRandom,1,0,0,0,1,1,0,0,0,0,0,0,0,0,0,0,0,0
98,48,commonRandom,1,0,0,0,1,1,0,0,0,0,0,0,0,0,0,0,0,0
110,49,commonRandom,1,0,0,0,1,1,0,0,0,0,0,0,0,0,0,0,0,0
198,0,node,1,0,0,0,0,0,0,0,0,0,0,0,0,0,0,0,0,0
176,1,node,1,0,0,0,1,1,0,0,0,0,0,0,0,0,0,0,0,0
179,2,node,1,0,0,0,1,1,0,0,0,0,0,0,0,0,0,0,0,0
130,3,node,1,0,0,0,1,1,0,0,0,0,0,0,0,0,0,0,0,0
114,4,node,1,0,0,0,1,1,0,0,0,0,0,0,0,0,0,0,0,0
134,5,node,1,0,0,0,1,1,0,0,0,0,0,0,0,0,0,0,0,0
106,6,node,1,0,0,0,1,1,0,0,0,0,0,0,0,0,0,0,0,0
160,7,node,1,0,0,0,1,1,0,0,0,0,0,0,0,0,0,0,0,0
106,8,node,1,0,0,0,1,1,0,0,0,0,0,0,0,0,0,0,0,0
102,9,node,1,0,0,0,1,1,0,0,0,0,0,0,0,0,0,0,0,0
142,10,node,1,0,0,0,1,1,0,0,0,0,0,0,0,0,0,0,0,0
103,11,node,1,0,0,0,1,1,0,0,0,0,0,0,0,0,0,0,0,0
108,12,node,1,0,0,0,1,1,0,0,0,0,0,0,0,0,0,0,0,0
128,13,node,1,0,0,0,1,1,0,0,0,0,0,0,0,0,0,0,0,0
103,14,node,1,0,0,0,1,1,0,0,0,0,0,0,0,0,0,0,0,0
106,15,node,1,0,0,0,1,1,0,0,0,0,0,0,0,0,0,0,0,0
139,16,node,1,0,0,0,1,1,0,0,0,0,0,0,0,0,0,0,0,0
134,17,node,1,0,0,0,1,1,0,0,0,0,0,0,0,0,0,0,0,0
103,18,node,1,0,0,0,1,1,0,0,0,0,0,0,0,0,0,0,0,0
130,19,node,1,0,0,0,1,1,0,0,0,0,0,0,0,0,0,0,0,0
101,20,node,1,0,0,0,1,1,0,0,0,0,0,0,0,0,0,0,0,0
109,21,node,1,0,0,0,1,1,0,0,0,0,0,0,0,0,0,0,0,0
135,22,node,1,0,0,0,1,1,0,0,0,0,0,0,0,0,0,0,0,0
120,23,node,1,0,0,0,1,1,0,0,0,0,0,0,0,0,0,0,0,0
131,24,node,1,0,0,0,1,1,0,0,0,0,0,0,0,0,0,0,0,0
104,25,node,1,0,0,0,1,1,0,0,0,0,0,0,0,0,0,0,0,0
105,26,node,1,0,0,0,1,1,0,0,0,0,0,0,0,0,0,0,0,0
140,27,node,1,0,0,0,1,1,0,0,0,0,0,0,0,0,0,0,0,0
137,28,node,1,0,0,0,1,1,0,0,0,0,0,0,0,0,0,0,0,0
106,29,node,1,0,0,0,1,1,0,0,0,0,0,0,0,0,0,0,0,0
108,30,node,1,0,0,0,1,1,0,0,0,0,0,0,0,0,0,0,0,0
137,31,node,1,0,0,0,1,1,0,0,0,0,0,0,0,0,0,0,0,0
119,32,node,1,0,0,0,1,1,0,0,0,0,0,0,0,0,0,0,0,0
133,33,node,1,0,0,0,1,1,0,0,0,0,0,0,0,0,0,0,0,0
99,34,node,1,0,0,0,1,1,0,0,0,0,0,0,0,0,0,0,0,0
105,35,node,1,0,0,0,1,1,0,0,0,0,0,0,0,0,0,0,0,0
116,36,node,1,0,0,0,1,1,0,0,0,0,0,0,0,0,0,0,0,0
103,37,node,1,0,0,0,1,1,0,0,0,0,0,0,0,0,0,0,0,0
133,38,node,1,0,0,0,1,1,0,0,0,0,0,0,0,0,0,0,0,0
119,39,node,1,0,0,0,1,1,0,0,0,0,0,0,0,0,0,0,0,0
123,40,node,1,0,0,0,1,1,0,0,0,0,0,0,0,0,0,0,0,0
103,41,node,1,0,0,0,1,1,0,0,0,0,0,0,0,0,0,0,0,0
128,42,node,1,0,0,0,1,1,0,0,0,0,0,0,0,0,0,0,0,0
99,43,node,1,0,0,0,1,1,0,0,0,0,0,0,0,0,0,0,0,0
139,44,node,1,0,0,0,1,1,0,0,0,0,0,0,0,0,0,0,0,0
97,45,node,1,0,0,0,1,1,0,0,0,0,0,0,0,0,0,0,0,0
109,46,node,1,0,0,0,1,1,0,0,0,0,0,0,0,0,0,0,0,0
130,47,node,1,0,0,0,1,1,0,0,0,0,0,0,0,0,0,0,0,0
98,48,node,1,0,0,0,1,1,0,0,0,0,0,0,0,0,0,0,0,0
110,49,node,1,0,0,0,1,1,0,0,0,0,0,0,0,0,0,0,0,0
198,0,edge,1,0,0,0,0,0,0,0,0,0,0,0,0,0,0,0,0,0
176,1,edge,1,0,0,0,1,1,0,0,0,0,0,0,0,0,0,0,0,0
179,2,edge,1,0,0,0,1,1,0,0,0,0,0,0,0,0,0,0,0,0
130,3,edge,1,0,0,0,1,1,0,0,0,0,0,0,0,0,0,0,0,0
114,4,edge,1,0,0,0,1,1,0,0,0,0,0,0,0,0,0,0,0,0
134,5,edge,1,0,0,0,1,1,0,0,0,0,0,0,0,0,0,0,0,0
106,6,edge,1,0,0,0,1,1,0,0,0,0,0,0,0,0,0,0,0,0
160,7,edge,1,0,0,0,1,1,0,0,0,0,0,0,0,0,0,0,0,0
106,8,edge,1,0,0,0,1,1,0,0,0,0,0,0,0,0,0,0,0,0
102,9,edge,1,0,0,0,1,1,0,0,0,0,0,0,0,0,0,0,0,0
142,10,edge,1,0,0,0,1,1,0,0,0,0,0,0,0,0,0,0,0,0
103,11,edge,1,0,0,0,1,1,0,0,0,0,0,0,0,0,0,0,0,0
108,12,edge,1,0,0,0,1,1,0,0,0,0,0,0,0,0,0,0,0,0
128,13,edge,1,0,0,0,1,1,0,0,0,0,0,0,0,0,0,0,0,0
103,14,edge,1,0,0,0,1,1,0,0,0,0,0,0,0,0,0,0,0,0
106,15,edge,1,0,0,0,1,1,0,0,0,0,0,0,0,0,0,0,0,0
139,16,edge,1,0,0,0,1,1,0,0,0,0,0,0,0,0,0,0,0,0
134,17,edge,1,0,0,0,1,1,0,0,0,0,0,0,0,0,0,0,0,0
103,18,edge,1,0,0,0,1,1,0,0,0,0,0,0,0,0,0,0,0,0
130,19,edge,1,0,0,0,1,1,0,0,0,0,0,0,0,0,0,0,0,0
101,20,edge,1,0,0,0,1,1,0,0,0,0,0,0,0,0,0,0,0,0
109,21,edge,1,0,0,0,1,1,0,0,0,0,0,0,0,0,0,0,0,0
135,22,edge,1,0,0,0,1,1,0,0,0,0,0,0,0,0,0,0,0,0
120,23,edge,1,0,0,0,1,1,0,0,0,0,0,0,0,0,0,0,0,0
131,24,edge,1,0,0,0,1,1,0,0,0,0,0,0,0,0,0,0,0,0
104,25,edge,1,0,0,0,1,1,0,0,0,0,0,0,0,0,0,0,0,0
105,26,edge,1,0,0,0,1,1,0,0,0,0,0,0,0,0,0,0,0,0
140,27,edge,1,0,0,0,1,1,0,0,0,0,0,0,0,0,0,0,0,0
137,28,edge,1,0,0,0,1,1,0,0,0,0,0,0,0,0,0,0,0,0
106,29,edge,1,0,0,0,1,1,0,0,0,0,0,0,0,0,0,0,0,0
108,30,edge,1,0,0,0,1,1,0,0,0,0,0,0,0,0,0,0,0,0
137,31,edge,1,0,0,0,1,1,0,0,0,0,0,0,0,0,0,0,0,0
119,32,edge,1,0,0,0,1,1,0,0,0,0,0,0,0,0,0,0,0,0
133,33,edge,1,0,0,0,1,1,0,0,0,0,0,0,0,0,0,0,0,0
99,34,edge,1,0,0,0,1,1,0,0,0,0,0,0,0,0,0,0,0,0
105,35,edge,1,0,0,0,1,1,0,0,0,0,0,0,0,0,0,0,0,0
116,36,edge,1,0,0,0,1,1,0,0,0,0,0,0,0,0,0,0,0,0
103,37,edge,1,0,0,0,1,1,0,0,0,0,0,0,0,0,0,0,0,0
133,38,edge,1,0,0,0,1,1,0,0,0,0,0,0,0,0,0,0,0,0
119,39,edge,1,0,0,0,1,1,0,0,0,0,0,0,0,0,0,0,0,0
123,40,edge,1,0,0,0,1,1,0,0,0,0,0,0,0,0,0,0,0,0
103,41,edge,1,0,0,0,1,1,0,0,0,0,0,0,0,0,0,0,0,0
128,42,edge,1,0,0,0,1,1,0,0,0,0,0,0,0,0,0,0,0,0
99,43,edge,1,0,0,0,1,1,0,0,0,0,0,0,0,0,0,0,0,0
139,44,edge,1,0,0,0,1,1,0,0,0,0,0,0,0,0,0,0,0,0
97,45,edge,1,0,0,0,1,1,0,0,0,0,0,0,0,0,0,0,0,0
109,46,edge,1,0,0,0,1,1,0,0,0,0,0,0,0,0,0,0,0,0
130,47,edge,1,0,0,0,1,1,0,0,0,0,0,0,0,0,0,0,0,0
98,48,edge,1,0,0,0,1,1,0,0,0,0,0,0,0,0,0,0,0,0
110,49,edge,1,0,0,0,1,1,0,0,0,0,0,0,0,0,0,0,0,0
198,0,InitializeGraph,1,0,0,0,0,0,0,0,0,0,0,0,0,0,0,0,0,0
176,1,InitializeGraph,1,0,0,0,0,0,0,0,0,0,0,0,0,0,1,0,0,0
179,2,InitializeGraph,1,0,0,0,0,0,0,1,0,0,0,0,0,0,1,0,0,0
130,3,InitializeGraph,1,0,0,0,0,0,0,1,0,0,0,0,0,0,0,0,0,0
114,4,InitializeGraph,1,0,0,0,1,1,0,0,0,0,0,0,0,0,0,0,0,0
134,5,InitializeGraph,1,0,0,0,1,1,0,0,0,0,0,0,0,0,0,0,0,0
106,6,InitializeGraph,1,0,0,0,1,1,0,0,0,0,0,0,0,0,0,0,0,0
160,7,InitializeGraph,1,0,0,0,1,1,0,0,0,0,0,0,0,0,0,0,0,0
106,8,InitializeGraph,1,0,0,0,1,1,0,0,0,0,0,0,0,0,0,0,0,0
102,9,InitializeGraph,1,0,0,0,1,1,0,0,0,0,0,0,0,0,0,0,0,0
142,10,InitializeGraph,1,0,0,0,1,1,0,0,0,0,0,0,0,0,0,0,0,0
103,11,InitializeGraph,1,0,0,0,1,1,0,0,0,0,0,0,0,0,0,0,0,0
108,12,InitializeGraph,1,0,0,0,1,1,0,0,0,0,0,0,0,0,0,0,0,0
128,13,InitializeGraph,1,0,0,0,1,1,0,0,0,0,0,0,0,0,0,0,0,0
103,14,InitializeGraph,1,0,0,0,1,1,0,0,0,0,0,0,0,0,0,0,0,0
106,15,InitializeGraph,1,0,0,0,1,1,0,0,0,0,0,0,0,0,0,0,0,0
139,16,InitializeGraph,1,0,0,0,1,1,0,0,0,0,0,0,0,0,0,0,0,0
134,17,InitializeGraph,1,0,0,0,0,0,0,1,0,0,0,0,0,0,0,0,0,0
103,18,InitializeGraph,1,0,0,0,1,1,0,0,0,0,0,0,0,0,0,0,0,0
130,19,InitializeGraph,1,0,0,0,1,1,0,0,0,0,0,0,0,0,0,0,0,0
101,20,InitializeGraph,1,0,0,0,1,1,0,0,0,0,0,0,0,0,0,0,0,0
109,21,InitializeGraph,1,0,0,0,1,1,0,0,0,0,0,0,0,0,0,0,0,0
135,22,InitializeGraph,1,0,0,0,1,1,0,0,0,0,0,0,0,0,0,0,0,0
120,23,InitializeGraph,1,0,0,0,0,0,0,1,0,0,0,0,0,0,0,0,0,0
131,24,InitializeGraph,1,0,0,0,1,1,0,0,0,0,0,0,0,0,0,0,0,0
104,25,InitializeGraph,1,0,0,0,1,1,0,0,0,0,0,0,0,0,0,0,0,0
105,26,InitializeGraph,1,0,0,0,1,1,0,0,0,0,0,0,0,0,0,0,0,0
140,27,InitializeGraph,1,0,0,0,1,1,0,0,0,0,0,0,0,0,0,0,0,0
137,28,InitializeGraph,1,0,0,0,0,0,0,1,0,0,0,0,0,0,0,0,0,0
106,29,InitializeGraph,1,0,0,0,1,1,0,0,0,0,0,0,0,0,0,0,0,0
108,30,InitializeGraph,1,0,0,0,1,1,0,0,0,0,0,0,0,0,0,0,0,0
137,31,InitializeGraph,1,0,0,0,1,1,0,0,0,0,0,0,0,0,0,0,0,0
119,32,InitializeGraph,1,0,0,0,0,0,0,1,0,0,0,0,0,0,0,0,0,0
133,33,InitializeGraph,1,0,0,0,1,1,0,0,0,0,0,0,0,0,0,0,0,0
99,34,InitializeGraph,1,0,0,0,1,1,0,0,0,0,0,0,0,0,0,0,0,0
105,35,InitializeGraph,1,0,0,0,1,1,0,0,0,0,0,0,0,0,0,0,0,0
116,36,InitializeGraph,1,0,0,0,1,1,0,0,0,0,0,0,0,0,0,0,0,0
103,37,InitializeGraph,1,0,0,0,1,1,0,0,0,0,0,0,0,0,0,0,0,0
133,38,InitializeGraph,1,0,0,0,1,1,0,0,0,0,0,0,0,0,0,0,0,0
119,39,InitializeGraph,1,0,0,0,0,0,0,1,0,0,0,0,0,0,0,0,0,0
123,40,InitializeGraph,1,0,0,0,1,1,0,0,0,0,0,0,0,0,0,0,0,0
103,41,InitializeGraph,1,0,0,0,1,1,0,0,0,0,0,0,0,0,0,0,0,0
128,42,InitializeGraph,1,0,0,0,1,1,0,0,0,0,0,0,0,0,0,0,0,0
99,43,InitializeGraph,1,0,0,0,1,1,0,0,0,0,0,0,0,0,0,0,0,0
139,44,InitializeGraph,1,0,0,0,1,1,0,0,0,0,0,0,0,0,0,0,0,0
97,45,InitializeGraph,1,0,0,0,1,1,0,0,0,0,0,0,0,0,0,0,0,0
109,46,InitializeGraph,1,0,0,0,1,1,0,0,0,0,0,0,0,0,0,0,0,0
130,47,InitializeGraph,1,0,0,0,1,1,0,0,0,0,0,0,0,0,0,0,0,0
98,48,InitializeGraph,1,0,0,0,1,1,0,0,0,0,0,0,0,0,0,0,0,0
110,49,InitializeGraph,1,0,0,0,1,1,0,0,0,0,0,0,0,0,0,0,0,0
198,0,main,1,0,0,0,0,0,0,0,0,0,0,0,0,0,0,0,0,0
176,1,main,1,0,0,0,0,0,0,0,0,0,0,0,0,0,1,0,0,0
179,2,main,1,0,0,0,0,0,0,1,0,0,0,0,0,0,1,0,0,0
130,3,main,1,0,0,0,1,1,0,0,0,0,0,0,0,0,0,0,0,0
114,4,main,1,0,0,0,1,1,0,0,0,0,0,0,0,0,0,0,0,0
134,5,main,1,0,0,0,1,1,0,0,0,0,0,0,0,0,0,0,0,0
106,6,main,1,0,0,0,1,1,0,0,0,0,0,0,0,0,0,0,0,0
160,7,main,1,0,0,0,1,1,0,0,0,0,0,0,0,0,0,0,0,0
106,8,main,1,0,0,0,1,1,0,0,0,0,0,0,0,0,0,0,0,0
102,9,main,1,0,0,0,1,1,0,0,0,0,0,0,0,0,0,0,0,0
142,10,main,1,0,0,0,1,1,0,0,0,0,0,0,0,0,0,0,0,0
103,11,main,1,0,0,0,1,1,0,0,0,0,0,0,0,0,0,0,0,0
108,12,main,1,0,0,0,1,1,0,0,0,0,0,0,0,0,0,0,0,0
128,13,main,1,0,0,0,1,1,0,0,0,0,0,0,0,0,0,0,0,0
103,14,main,1,0,0,0,1,1,0,0,0,0,0,0,0,0,0,0,0,0
106,15,main,1,0,0,0,1,1,0,0,0,0,0,0,0,0,0,0,0,0
139,16,main,1,0,0,0,1,1,0,0,0,0,0,0,0,0,0,0,0,0
134,17,main,1,0,0,0,1,1,0,0,0,0,0,0,0,0,0,0,0,0
103,18,main,1,0,0,0,1,1,0,0,0,0,0,0,0,0,0,0,0,0
130,19,main,1,0,0,0,1,1,0,0,0,0,0,0,0,0,0,0,0,0
101,20,main,1,0,0,0,1,1,0,0,0,0,0,0,0,0,0,0,0,0
109,21,main,1,0,0,0,1,1,0,0,0,0,0,0,0,0,0,0,0,0
135,22,main,1,0,0,0,1,1,0,0,0,0,0,0,0,0,0,0,0,0
120,23,main,1,0,0,0,1,1,0,0,0,0,0,0,0,0,0,0,0,0
131,24,main,1,0,0,0,1,1,0,0,0,0,0,0,0,0,0,0,0,0
104,25,main,1,0,0,0,1,1,0,0,0,0,0,0,0,0,0,0,0,0
105,26,main,1,0,0,0,1,1,0,0,0,0,0,0,0,0,0,0,0,0
140,27,main,1,0,0,0,1,1,0,0,0,0,0,0,0,0,0,0,0,0
137,28,main,1,0,0,0,1,1,0,0,0,0,0,0,0,0,0,0,0,0
106,29,main,1,0,0,0,1,1,0,0,0,0,0,0,0,0,0,0,0,0
108,30,main,1,0,0,0,1,1,0,0,0,0,0,0,0,0,0,0,0,0
137,31,main,1,0,0,0,1,1,0,0,0,0,0,0,0,0,0,0,0,0
119,32,main,1,0,0,0,1,1,0,0,0,0,0,0,0,0,0,0,0,0
133,33,main,1,0,0,0,1,1,0,0,0,0,0,0,0,0,0,0,0,0
99,34,main,1,0,0,0,1,1,0,0,0,0,0,0,0,0,0,0,0,0
105,35,main,1,0,0,0,1,1,0,0,0,0,0,0,0,0,0,0,0,0
116,36,main,1,0,0,0,1,1,0,0,0,0,0,0,0,0,0,0,0,0
103,37,main,1,0,0,0,1,1,0,0,0,0,0,0,0,0,0,0,0,0
133,38,main,1,0,0,0,1,1,0,0,0,0,0,0,0,0,0,0,0,0
119,39,main,1,0,0,0,1,1,0,0,0,0,0,0,0,0,0,0,0,0
123,40,main,1,0,0,0,1,1,0,0,0,0,0,0,0,0,0,0,0,0
103,41,main,1,0,0,0,1,1,0,0,0,0,0,0,0,0,0,0,0,0
128,42,main,1,0,0,0,1,1,0,0,0,0,0,0,0,0,0,0,0,0
99,43,main,1,0,0,0,1,1,0,0,0,0,0,0,0,0,0,0,0,0
139,44,main,1,0,0,0,1,1,0,0,0,0,0,0,0,0,0,0,0,0
97,45,main,1,0,0,0,1,1,0,0,0,0,0,0,0,0,0,0,0,0
109,46,main,1,0,0,0,1,1,0,0,0,0,0,0,0,0,0,0,0,0
130,47,main,1,0,0,0,1,1,0,0,0,0,0,0,0,0,0,0,0,0
98,48,main,1,0,0,0,1,1,0,0,0,0,0,0,0,0,0,0,0,0
110,49,main,1,0,0,0,1,1,0,0,0,0,0,0,0,0,0,0,0,0
